url,doc_id,title,audience,category,language,document_version,license_or_permission
https://help.shopee.vn/portal/4/article/79046,shopee-warranty-policy,Chính sách bảo hành cho sản phẩm mua tại Shopee,buyer,warranty-policy,vi,not-stated,public-source
https://help.shopee.vn/portal/4/article/188931,shopee-buyer-return-refund-rules,Quy định chung về Trả hàng và Hoàn tiền Shopee,buyer,returns-policy,vi,not-stated,public-source
https://help.shopee.vn/portal/4/article/79296,shopee-refund-voucher-timeline,Thời gian nhận lại Voucher và tiền hoàn sau khi hủy đơn,buyer,refund-policy,vi,not-stated,public-source
https://help.shopee.vn/portal/4/article/124982,shopee-co-inspection-program,Chương trình Shopee Đồng Kiểm,buyer,shipping-policy,vi,not-stated,public-source
https://help.shopee.vn/portal/4/article/77246,shopee-seller-listing-rules,Quy định về đăng bán sản phẩm trên Shopee,seller,seller-rules,vi,not-stated,public-source
https://help.shopee.vn/portal/4/article/77262,shopee-mall-service-terms,Điều khoản Dịch vụ của Shopee Mall,seller,seller-rules,vi,not-stated,public-source
https://help.shopee.vn/portal/4/article/195504,shopee-mart-seller-terms,Điều khoản và điều kiện Người bán tham gia Shopee Mart,seller,seller-rules,vi,not-stated,public-source
https://help.shopee.vn/portal/4/article/77251,shopee-general-return-refund,Chính sách Trả hàng và Hoàn tiền Shopee,both,returns-policy,vi,not-stated,public-source
https://help.shopee.vn/portal/4/article/77265,shopee-dispute-resolution,Quy trình giải quyết tranh chấp và khiếu nại,both,dispute-policy,vi,not-stated,public-source
